Texto criptografado;Chave (A-Z claro -> cifra);Texto descriptografado
EQFIYQDIZMQ;---FI-Y------MQE-Z---D----;PODE GOVERNO
LEGPPCXSKP;P-----K-S---GCE--L-X------;ROMA ANTIGA
RORXYXFMOPDAORXY;O--R--M-D----PX--FY------A;DADOS ORGANIZADOS
GQSCCGTJCG;G---S-T-J--------C-Q------;A TERRA GIRA
DBFDBFHGDZQHDALHEZF;H--EB---A---Q-Z---FDG----L;TESTES AUTOMATIZADOS
ZMVNZMTTCTNZT;T-Z-V---M----N-------C----;CIENCIA AVANCA
GBRUQPHQUFQUHUGINROBNGIDJNJUH;N--JU---D---RGPFOQHIB-----;NUMEROS REPRESENTAM QUANTIDADES
LAWRYQDRWAY;Q---L-A-W----DY----R------;EGITO ANTIGO
MJYRPZKWWBJNDQ;Z---WY--Q--N--J--KMRDBP---;SOFTWARE EVOLUI
CFRNPVZUNMPIMNFQIUEPNYFIUCM;CY--I-R-V--FU-NE-PMZ-Q----;ALGORITMOS RESOLVEM PROBLEMAS
NMDHIHIRGVIBQXRVPIWSMIQ;I-HMNX--S---PBR--VQGDW----;EDUCACAO TRANSFORMA VIDAS
BVQFNGTDGAZFWNQZKMZANDGT;Z-F-GB--W--AKQN--DT-VM----;FUNCOES RELACIONAM VALORES
UDRVPXQHDKSFVKDUSFFQRHQHDF;Q-UHS-------R-DV-KFXP-----;COMPUTADORES PROCESSAM DADOS
MLCDWRFRFFEDWRFWENEF;E--NR--ML-----DC--FW------;HIPOTESES SAO TESTADAS
MHEMYGRMHAMRHCEZDEGYYZDCGHKHCEGXGH;G-AXK---D---YRM--EHCZ-----;OS ROMANOS CONSTRUIRAM MUITAS ESTRADAS
LELJIELJWPLICJYMLOLMFHICIFIBLPHIC;L-PMI---W--BE-HO-FCJY-----;A MATEMATICA ESTUDA PADROES E RELACOES
IPXGPBVBAAQGEQVNUASPEFXQAWQVCQHNUNCBA;BWFCQHG-N---VUXI-PASE-----;PROGRAMAS SEGUEM INSTRUCOES BEM DEFINIDAS
MOMBXBHGAXTGXJMVKSXJKASTKIBASHO;M-JGA---X--O-TKV-ISBH-----;A LATITUDE INDICA POSICOES NORTESUL
AJTPLJTAVNIJAPYHXTJAZDPLCFPLCI;AVJ-PD--T--XFLCH-ZI-N--Y--;A CIENCIA BUSCA EXPLICAR FENOMENOS
WKXAMFVMWKSKPBPYXKVCMGPLMXCWAEMOMVP;P-V-XOALM--EY-WF-CKGSB----;OS EGIPCIOS USAVAM ESCRITA HIEROGLIFICA
CPSPQCTQYEPCZWJNENRYNQSPEYNQZPYNEEP;P--ZNJ--W---CRTS-EQY------;MAPAS MOSTRAM DIFERENTES PARTES DA TERRA
GKCEYTSWRGEFUEUEUSWSFREYNJEUSW;ECTU--R-N---KYS--FW-G----J;UM BANCOS GUARDA DADOS ORGANIZADOS
ZROIQZQZUORLRJMUYMRJUMULQUJKRQPWRJEUL;Z-QOR--KP--YWJU---LEIM----;A EDUCACAO DESENVOLVE NOVOS CONHECIMENTOS
TYDGWAMHGFGWDTIAOTHCTFFGFCTWTWJFGYPJWCWGZYJHTF;TZ--J-D-A--YHIGC-WFM-P---O;ALGORITMOS ORGANIZAM PASSOS PARA RESOLVER PROBLEMAS
KJOFGEHURVEFRENKXOTENOVTJVTHVOVTHV;K-NRV-G-E--J-FOX--THU-----;A LONGITUDE INDICA POSICOES LESTEOESTE
LMGVUEPIMANSPAGPBNDPGNVAMLNSSPGYDTMAGPLMNS;P-LINT--Y---GDMV-ASEU----B;COMPUTADORES ARMAZENAM E PROCESSAM INFORMACOES
SHKXYKSBSISXFKSUJEXKBSANCASJCBAUJFKWIXCJ;S-INCEY-A---BUXH-KJFW-----;A PROGRAMACAO TRANSFORMA IDEIAS EM INSTRUCOES
DSGLSGBDUMDKSXAVWODUSTUMDRSWAKAXFDUDKSXSGJAHJSUWSXWDUSRDGWSUXMXWSRDXKSTARFYWDKAU;D-TKSVLBM--HRGAF-UXWYJO---;A ENGENHARIA DE SOFTWARE CRIA METODOS PARA DESENVOLVER TESTAR E MANTER SISTEMAS DE COMPUTADOR
OKMLNEPUAKEMSPJDJZAMSMDDEDEPWJZMWEDSMPMPJDELHJPOKSPETLJKMWJKMZJUPMEPNMZUCMWM;MT-WJ-N-U--LKZES-PDAOH---C;UM ALGORITMO APRESENTA PASSOS ORDENADOS PARA RESOLVER UM PROBLEMA DE MANEIRA ORGANIZADA
ZQZEFQZEYIZZGDOZZPFRPFLFUEZPRPMHXFQZLFUIMUEPZOMLUZIMQRDEZIZMFUZIYFUIYZ;ZHIOF---YG-XQUMR-PLED-----;A MATEMATICA AJUDA A REPRESENTAR PROBLEMAS ENCONTRADOS NA COMPUTACAO E NA CIENCIA
IPOZZIVSAAUWKWEOZOMPOAESZNIAKOZOGOQSLSNSNSMPIMHIAVGIMWLWOAOVGIMIGPSA;I-LKOE-HW--GNMSV-ZAPUQ----;A TERRA POSSUI DIFERENTES FORMAS DE RELEVO COMO MONTANHAS PLANICIES E PLANALTOS
UYIRPLNUYHNLJOLUYOURYPXMLXISNXIRFHYSURMSHRPUYJXUKLSUYIUXLURLCU;I-OFH-N-L--CSRUJ-XYPM--K--;OS ANTIGOS EGIPCIOS CONSTRUIRAM GRANDES MONUMENTOS PROXIMOS AO RIO NILO
BTYOVBVBWAWYTYTJTKXWZXTFVWKPTVQNTKGWJPBCQZQYBYTJTVBABVQYBYTYTFTJWZXTFAFWCZTNBJ;BCVYT--PQ--ZNKWA-FJGOX----;A EDUCACAO PODE DESENVOLVER CONHECIMENTOS HABILIDADES E CAPACIDADE DE RESOLVER PROBLEMAS
SQXYVAYOQOLVQXSFODVYKMKLSFOJCWFYSLVKWDKZJCJDOWXVYWKSWDKWKCNVENKDVYKW;O-LDKZA-J--EQCVX-YWFSN-M--;UM PROGRAMA COMPUTADOR EXECUTA INSTRUCOES DEFINIDAS POR SEUS DESENVOLVEDORES
YCUYJGMYCOAEVEFGUGJDCAUGZGCSGUGQGREVEAGUIEGNDMCRYJDUREYDRYJOMERGRGY;G-RZDQN-E--VJMYS-UCAOI---F;OS ROMANOS UTILIZARAM ESTRADAS PARA FACILITAR VIAGENS COMERCIO E COMUNICACAO
PIFWPAYFOIFKMIFKBYFUMNFYBOAFSFNOUMJDMMAKUFDFYOISFNOUMJDMJFBDF;F-YDMW--B--NIAO--UJKPS----;UMA FUNCAO MATEMATICA RELACIONA VALORES DE ENTRADA COM VALORES DE SAIDA
HWYUWYUWGUWHNYOKJUIUJCNCVKTWUFTWCWYUTKKPJUWURYKHVHTPHJYKTURYHUWPUJKGH;K-VGUN--C---TRHP-JWYFIO---;OS TESTES DE SOFTWARE VERIFICAM SE UM SISTEMA APRESENTA O COMPORTAMENTO ESPERADO
DOFYCOFDNYEYCNYNYEYKTHCGDMYRFNYCOFDMYJYGUNUMEDKDEKUNHAFKOUCBYOFJYCGU;D-ONY-TBF---JCUE-KMGHR---A;A CIENCIA DEPENDE DE PERGUNTAS EVIDENCIAS E METODOS PARA PRODUZIR CONHECIMENTO
FDVIJGWFCDJXGWGBJDUGVWJFJGERHJXFIHDVDWJFEVXGWGJIHETDIGXDEWHVDEWJDSGRDJDEWDVUDJFIHDV;F-ISDRUTG---XEHC-JVWB-----;A ESCRITA PERMITIU REGISTRAR INFORMACOES E TRANSMITIR CONHECIMENTOS ENTRE DIFERENTES GERACOES
WWYZFGPUTWNFEEFSLJZWQRWGPJJFAHRPWGHFZFSWDUJGWUPFUWAGJVWADJEDJGLFDUEFGHJAWGHFZUJZFA;W-DPF-NLU--SEGJYQZAHRV---T;A APRENDIZAGEM MELHORA QUANDO O ESTUDANTE RELACIONA IDEIAS NOVAS COM CONHECIMENTOS ANTERIORES
EUJQUJYELSEDUHGVBNELUKBSOSFEMLGIUHHGHBUIJSIEHUVULLETUJBEHMELEILSELHSHBUTEHIGJVSEZUSHGLQEJSFELGBLECEOYGDEHUWKSMUHUVEISOSBELTKDEJIEHDKLEJBUEZSDEKBSODGHGVBNELU;ECIDUVQYS--OTJGMWLHBKZN--F;A ENGENHARIA DE SOFTWARE UTILIZA PROCESSOS TECNICAS E FERRAMENTAS PARA CRIAR SISTEMAS CONFIAVEIS ORGANIZAR O TRABALHO DAS EQUIPES E FACILITAR MUDANCAS DURANTE A VIDA UTIL DO SOFTWARE
KDPDCLPDCVHDMPDLTMDHDBWBJLSLWSLXLKCDSMPDSLADHDBLKCSLJVULSLKCLXTMDKCVJDJLXLDQMJDSDLKHBKCSDSEDABSLXJLXHBKRLHVJBX;D-HJLU-RVQ-APKBWTSXCME----;NA MATEMATICA UMA EQUACAO PODE REPRESENTAR UMA RELACAO ENTRE DIFERENTES QUANTIDADES E AJUDAR A ENCONTRAR VALORES DESCONHECIDOS
WHZYQUGYHGOHAWFTKBOTJYCWGQHQHCOFOQDCBYZOFAQUWTQUWHQFQOBYIOTQDCQFYTQUGWHWKWSHQFEOZWQHCOFOEQFYAYZOFHQQHHOHQDCBYZOZWQHHOWZWTCOGYEQYHZWTOHQEYVQUZYOHQUZWUGFOVOH;OSZVQA-JY--BTUWC-FHGKE-D-I;OS CIENTISTAS FORMULAM HIPOTESES PARA EXPLICAR FENOMENOS E REALIZAM EXPERIMENTOS OU OBSERVACOES PARA VERIFICAR SE ESSAS EXPLICACOES SAO COMPATIVEIS COM AS EVIDENCIAS ENCONTRADAS
WITBWIXRWBWTHSNJWBXHWHSGTHSOSKXYHXBWHWGTKIWZXZNHSSITYEXZNHSGSKJXZXYHTXHSYZXFXBWKONWGTOXBWTYWONGSKFXBXSZSKKSOZKSHSJWYSXKWGKSBXOW;W-BHSFE-X--IJYTG-KOZN----R;A LOCALIZACAO DE UMA CIDADE PODE SER INDICADA POR LATITUDE E LONGITUDE PERMITINDO IDENTIFICAR SUA POSICAO NA SUPERFICIE TERRESTRE DE MANEIRA PRECISA
IMFLTUKIMRINFLIMQOMOLGISGORFNMUMTONFMQOOMTRFQFMSOUMOFQNULUMTRFVFIZAOFEAQFRFNFIRKFLUPFRANKRFLQOTORRUTIRUIQARFLTONAUTIMMOVASIM;F-VQO-K-UE-SNLI-ZRMTAG---P;OS ANTIGOS ROMANOS DESENVOLVERAM SISTEMAS DE ESTRADAS LEIS E ADMINISTRACAO QUE AJUDARAM A ORGANIZAR UM GRANDE TERRITORIO DURANTE MUITOS SECULOS
YTKQKPWTBJWUHEPOHRWJWZWOKHWKOWSQKPOBBRPWOBUHWKEHUHJQSHWXWOTQPWGYWJQAWOWEPWKXWKKHBKPOBCBRDWTEHTWKTHXOHNWPHUHTTBQKKWSYOBEUB;BCUJWASDQN-RTEHXGOKPYZ----;UM SISTEMA DE CONTROLE DE VERSOES REGISTRA ALTERACOES NO CODIGO E PERMITE QUE DIFERENTES PESSOAS TRABALHEM NO MESMO PROJETO COM MAIS SEGURANCA
KNEQKNQOTVUBOSQGMGKSUJGSGKYUMGOGJKEZUBTKEOBSBMGDUGTGRKEBSBMGHQRQFGFBNBSKOKMQSGNBJKFBMTGSQVQHGEKHEGONJKEHBBOHEBFQTBEBOHBNEBDQKBN;G-SFBTDYQ--VMOKJZENHUR----;OS RIOS INFLUENCIAM A OCUPACAO HUMANA PORQUE FORNECEM AGUA FAVORECEM ATIVIDADES ECONOMICAS E PODEM FACILITAR O TRANSPORTE ENTRE DIFERENTES REGIOES
LSRAPXDPOUALPSRZXDJPVYRXLRXDLJHROXRFPJRODPSRILAUYUHLJOZLOPYZALPHLFHPRXLYEPJUHXPOKZLFHPRXDJPQRHPOSRRFERFNLJULSROPIHGLJR;LVASRIENUQ-YXFPDKJOHZ-G---;A DECOMPOSICAO DE UM PROBLEMA EM PARTES MENORES PODE FACILITAR SUA SOLUCAO TANTO EM ALGORITMOS QUANTO EM PROJETOS DE ENGENHARIA DE SOFTWARE
GCEWRNGNAQTEWGKTAAOWTFABCKJTWCIGJBKCCONCKIGJGNTXCKCOWCEEGITCNANCEGKFAOTMAKAJITNANCEFGPCKOGEKCLTFTGCEAWTPTNANCECIGOGJTIAECXGKJAENCKCFTEWKAKTOXGKJAIGCE;A-INCXFQT--LJOGB-KEWRP---M;O ESTUDO DA HISTORIA ANTIGA PERMITE COMPREENDER COMO DIFERENTES SOCIEDADES ORGANIZARAM CIDADES GOVERNOS RELIGIOES ATIVIDADES ECONOMICAS E FORMAS DE REGISTRAR INFORMACOES
MPHAXUFKMFVFXTKBTNGFXUKMFPGVNVUFGAKVHFEPNVNUKVDKMFGGPMAHDKHEPFKVPVPAHNKVMFVZKQHFGXKTAVXFZFVVNMAMFVKPDKHEPFKZKXUFLUKMKDHKWFUKVUHAXVYKHGA;AQZMFY--NW-BGXKDEHVUPT-L--;DURANTE O DESENVOLVIMENTO DE UM SISTEMA OS REQUISITOS PODEM MUDAR PORQUE OS USUARIOS DESCOBREM NOVAS NECESSIDADES OU PORQUE O CONTEXTO DO PROJETOS TRANSFORMA
AEYEXSYEXKCELYYUHSNUJUHSFSJFSISAXEFLYEIKXLECEUFSENLIEAHUALYSFUITLACUSISMLECUSIULBFETKCUI;E-CHSTB-K--NYAUJMFIXL-----;NA MATEMATICA UM MODELO PODE REPRESENTAR UMA SITUACAO REAL USANDO NUMEROS FUNCOES EQUACOES OU GRAFICOS
ZOMANOMZBGUOCGZOUXBGAANFAGUXCNFUBUGXAMUFAXAQUFULUGYZNMHZFULFAMNPALQMYZOZU;Z-OFA-Y-M---XNUB-GLQCP---H;A CIENCIA PROCURA COMPREENDER O MUNDO POR MEIO DE METODOS ORGANIZADOS DE INVESTIGACAO
ZVPMHXPNYPQZAVZMQPVZVTMKTSAHTXXPHAXPATMHZXTSZQPADZVZZCZXPAMBZHAXTMFTAFXZBPQAM;ZNQVTBF-P--S-DAK-XMHYC----;A DISTRIBUICAO DAS CIDADES PELO TERRITORIO ESTA RELACIONADA A VARIOS FATORES GEOGRAFICOS
EPPXQFBLELBPLXBRFNXBLEYBPXKXNEYFELBPBOVXSVBGEYZXGYEPLBBPQGFNEERGFQJSNJGEXGREOFTELEPFPNBYEPLBRXVBGOXBRGEOLBPQXOPNGJQXBP;E-QLBZR-F--SYOXK-GPNJV---T;AS SOCIEDADES DO EGITO E DA MESOPOTAMIA DESENVOLVERAM FORMAS DE ESCRITA AGRICULTURA ORGANIZADA SISTEMAS DE GOVERNO E GRANDES CONSTRUCOES
IWMNXHWHWPXTWWOZYZNWNMUPNMDMRTWZDXOZJFXWINPMSZEMFXMPMDOXNWIOMWUJZFXMPHPIGMHZTMIOPMTXTWDZOXWHWPHPIHRMOW;W-HNM-EGZ--JTIPUFRDOXY-S--;NA EDUCACAO UMA ATIVIDADE PODE SER MAIS UTIL QUANDO EXIGE QUE O ESTUDANTE APLIQUE O CONHECIMENTO EM UMA SITUACAO CONCRETA
PTMIZMICIZLHMXSEIGSLZIEQISYIGSZYSESIGKLGMESEIEELZCIYLDZAPILYELJESTSIZMSYELGML;S-KCIHJ-D---TGLYAEZMPQX---;UM TESTE DE SOFTWARE NAO SERVE APENAS PARA ENCONTRAR ERROS DEPOIS QUE O PROGRAMA ESTA PRONTO
ANUIPYAUWLVEDVBACOATLCCANUWLILCCLNCLILOTAWANUCYUUCWLOAWAIBLUBCAXPYAI;A-YWLXB-P--DEOUN-CITV-----;A POSICAO DE UM LUGAR NA TERRA PODE SER REPRESENTADA POR COORDENADAS GEOGRAFICAS
IRMDGMIRAOPHMIRYIOPDHBLHDAJFADAADGARYIJIJAPGJAPHYAEHWIRIEHAARPDIOIJHAGFIWHPHYAAWMLJARHQGHARQGRGOZIWZHQAROGRRGFGDHIQIEIDAJFIRPGDHIDJGOPGGRPLQAQARGJIQHEHYAQARFIDILPDARRIYHGQAQGRYIOXGYGDGRRGFDIYGRRIAKLQAAFGDYGBGDVLGIYIOXGYHJGOPIGYIORPDLHQIAIWIOMIQIPGJFIGDGYGBGYIOPDHBLHYIGRQGQHEGDGOPGRYLWPLDAR;ABYQGEMXHK-WJOIFVDRPLZ----;OS GREGOS ANTIGOS CONTRIBUIRAM PARA AREAS COMO MATEMATICA FILOSOFIA ASTRONOMIA E POLITICA ALGUMAS IDEIAS DESENVOLVIDAS NESSE PERIODO FORAM POSTERIORMENTE ESTUDADAS E MODIFICADAS POR OUTRAS SOCIEDADES CONHECER ESSE PROCESSO AJUDA A PERCEBER QUE O CONHECIMENTO E CONSTRUIDO AO LONGO DO TEMPO E RECEBE CONTRIBUICOES DE DIFERENTES CULTURAS
